,X,CRY2.Sample.ID,rs11605924.1.,rs11038689,rs2292913,rs7945565
1,1,2162,G G,A A,G G,C C
2,2,1108,T G,G A,G G,T C
3,3,1333,G G,A A,G G,C C
4,4,1200,T G,A A,G G,T C
5,5,1225,T G,G A,G G,T C
6,6,1276,G G,A A,G G,C C
7,7,1311,G G,A A,G G,C C
8,8,1337,G G,A A,G G,C C
9,9,1347,T G,G A,G G,T C
10,10,1355,G G,A A,G G,C C
11,11,1368,T T,G A,G G,T T
12,12,1382,G G,A A,G G,C C
13,13,1394,G G,A A,G G,C C
14,14,676,G G,A A,G G,C C
15,15,1201,G G,G A,G G,C C
16,16,1226,T G,G A,G G,T C
17,17,1277,T T,A A,A G,T T
18,18,1312,T T,A A,G G,T T
19,19,1348,T T,G A,G G,T T
20,20,1369,T T,G A,G G,T T
21,21,1383,T G,A A,A G,T C
22,22,1395,G G,A A,G G,C C
23,23,1404,T G,G A,G G,T C
24,24,1204,T T,A A,G G,T T
25,25,1231,T G,G A,G G,T C
26,26,1282,T G,A A,A G,T C
27,27,1324,T T,G A,G G,T T
28,28,1339,T T,G G,G G,T T
29,29,1349,T G,G A,G G,T C
30,30,1360,T G,A A,A G,T C
31,31,1370,G G,A A,G G,C C
32,32,1384,T G,A A,A G,T C
33,33,1396,T T,G A,G G,T T
34,34,1405,G G,A A,G G,C C
35,35,1414,T G,G A,G G,T C
36,36,1210,T T,G A,A G,T T
37,37,1236,T G,A A,G G,T C
38,38,748,T G,A A,A G,T C
39,39,1325,T G,A A,G G,T C
40,40,1342,T G,G A,G G,T C
41,41,1350,T T,G G,G G,T T
42,42,1361,T T,G A,G G,T T
43,43,1375,T G,G A,G G,T C
44,44,1385,G G,A A,G G,C C
45,45,1397,T G,G A,G G,T C
46,46,1407,G G,A A,G G,C C
47,47,1415,G G,A A,G G,C C
48,48,1212,T G,A A,G G,T C
49,49,1242,G G,A A,G G,C C
50,50,1298,T T,G A,G G,T T
51,51,1327,T G,G A,G G,T C
52,52,1344,T G,A A,G G,T C
53,53,821,G G,A A,G G,C C
54,54,1362,T G,G A,G G,T C
55,55,1377,G G,A A,G G,C C
56,56,1386,T G,G A,G G,T C
57,57,1398,T G,A A,G G,T C
58,58,1416,T G,A A,G G,T C
59,59,1214,T T,A A,G G,T T
60,60,1247,G G,A A,G G,C C
61,61,1332,T G,A A,A G,T C
62,62,1345,T G,A A,G G,T C
63,63,1352,T G,G A,G G,T C
64,64,939,T T,A A,A G,T T
65,65,1387,T T,G G,G G,T T
66,66,1399,T G,A A,G G,T C
67,67,1409,G G,A A,G G,C C
68,68,1417,T G,G A,G G,T C
69,69,1216,G G,A A,G G,C C
70,70,1248,G G,A A,G G,C C
71,71,1302,G G,A A,G G,C C
72,72,1334,T T,G A,A G,T T
73,73,1353,T G,A A,G G,T C
74,74,1364,T G,G A,G G,T C
75,75,1379,T G,G A,G G,T C
76,76,1389,T G,A A,G G,T C
77,77,1056,T G,G A,G G,T C
78,78,1410,T G,G A,G G,T C
79,79,1418,T G,G A,G G,T C
80,80,1219,T G,G A,G G,T C
81,81,1273,T T,A A,A A,T T
82,82,1149,T T,G A,A G,T T
83,83,1346,G G,A A,G G,C C
84,84,1354,T G,A A,G G,T C
85,85,1367,G G,A A,G G,C C
86,86,825,G G,A A,G G,C C
87,87,1390,T G,G A,G G,T C
88,88,948,T T,A A,G G,T T
89,89,2124,T G,G A,G G,T C
90,90,2173,T T,A A,G G,T T
91,91,1419,G G,A A,G G,C C
92,92,1427,G G,A A,G G,C C
93,93,1435,G G,A A,G G,C C
94,94,1443,T G,A A,G G,T C
95,95,1451,G G,A A,G G,C C
96,96,1460,G G,A A,G G,C C
97,97,1469,T G,A A,G G,T C
98,98,1477,G G,A A,G G,C C
99,99,1486,T G,A A,G G,T C
100,100,2012,G G,A A,G G,C C
101,101,2019,T G,G A,G G,T C
102,102,1420,T G,G A,G G,T C
103,103,1428,G G,A A,G G,C C
104,104,1436,T G,A A,G G,T C
105,105,1444,T T,G G,G G,T T
106,106,1461,T T,G A,A G,T T
107,107,1470,T G,A A,G G,T C
108,108,1479,T G,A A,A G,T C
109,109,1487,G G,A A,G G,C C
110,110,2003,T G,A A,G G,T C
111,111,2013,G G,A A,G G,C C
112,112,2020,T G,G A,G G,T C
113,113,1062,T G,G A,G G,T C
114,114,1437,T G,G A,G G,T C
115,115,1445,T G,G A,G G,T C
116,116,1453,T T,G A,G G,T T
117,117,1463,T G,G A,G G,T C
118,118,1471,G G,A A,G G,C C
119,119,1480,G G,A A,G G,C C
120,120,1488,G G,A A,G G,C C
121,121,2004,T G,A A,G G,T C
122,122,2014,T T,G A,G G,T T
123,123,2021,G G,A A,G G,C C
124,124,1422,T T,G A,G G,T T
125,125,1430,T G,G A,G G,T C
126,126,1438,G G,A A,G G,C C
127,127,1446,T T,A A,G G,T T
128,128,1456,G G,A A,G G,C C
129,129,1151,T G,G A,G G,T C
130,130,1481,G G,A A,G G,C C
131,131,2007,T G,G A,G G,T C
132,132,2015,T G,G A,G G,T C
133,133,2022,G G,A A,G G,C C
134,134,1423,T G,G A,G G,T C
135,135,1431,T G,A A,A G,T C
136,136,1439,G G,A A,G G,C C
137,137,1457,T G,A A,A G,T C
138,138,783,T G,G A,G G,T C
139,139,1482,T G,G A,G G,T C
140,140,2008,G G,A A,G G,C C
141,141,2016,T T,A A,G G,T T
142,142,2023,T G,G A,G G,T C
143,143,1424,G G,A A,G G,C C
144,144,1432,G G,A A,G G,C C
145,145,1440,T G,A A,G G,T C
146,146,1448,G G,A A,G G,C C
147,147,1458,T G,A A,A G,T C
148,148,1466,T G,A A,G G,T C
149,149,1474,T T,A A,G G,T T
150,150,1483,T G,A A,A G,T C
151,151,1494,G G,A A,G G,C C
152,152,953,G G,A A,G G,C C
153,153,2024,T T,G G,G G,T T
154,154,1433,T G,A A,G G,T C
155,155,1441,T G,A A,G G,T C
156,156,1449,T G,A A,G G,T C
157,157,1459,T G,A A,A G,T C
158,158,1467,G G,A A,G G,C C
159,159,2125,G G,A A,G G,C C
160,160,1484,T G,A A,G G,T C
161,161,2197,T G,A A,G G,T C
162,162,2017,T G,A A,G G,T C
163,163,2026,G G,A A,G G,C C
164,164,1426,T T,G A,A G,T T
165,165,1434,T G,A A,G G,T C
166,166,1450,G G,A A,G G,C C
167,167,1468,T G,A A,G G,T C
168,168,1476,T G,A A,G G,T C
169,169,1071,T T,G A,G G,T T
170,170,2001,G G,A A,G G,C C
171,171,2011,T G,G A,G G,T C
172,172,2018,G G,A A,G G,C C
173,173,1155,T T,G A,G G,T T
174,174,2027,T G,G A,G G,T C
175,175,2035,T G,A A,G G,T C
176,176,2043,T G,G A,G G,T C
177,177,2051,G G,A A,G G,C C
178,178,2059,G G,A A,G G,C C
179,179,2066,T G,A A,G G,T C
180,180,2074,T G,G A,G G,T C
181,181,2083,T T,A A,G G,T T
182,182,2091,G G,A A,G G,C C
183,183,2099,G G,A A,G G,C C
184,184,2109,T G,G A,G G,T C
185,185,2119,T G,A A,G G,T C
186,186,2028,T T,G A,G G,T T
187,187,2036,T G,A A,G G,T C
188,188,2044,T G,G A,G G,T C
189,189,2052,G G,A A,G G,C C
190,190,2060,T T,G G,G G,T T
191,191,2067,G G,A A,G G,C C
192,192,2075,G G,A A,G G,C C
193,193,2092,T G,A A,G G,T C
194,194,2100,T G,A A,G G,T C
195,195,2110,T G,G A,G G,T C
196,196,2120,T T,G A,A G,T T
197,197,2029,T G,G A,G G,T C
198,198,2037,T G,G A,G G,T C
199,199,2045,T G,A A,G G,T C
200,200,2053,T T,A A,A G,T T
201,201,2061,T G,A A,G G,T C
202,202,2068,T G,A A,G G,T C
203,203,2076,T G,A A,A G,T C
204,204,2085,T G,G A,G G,T C
205,205,2101,T G,A A,G G,T C
206,206,2111,T T,G A,G G,T T
207,207,2123,T G,A A,G G,T C
208,208,2030,T G,G A,G G,T C
209,209,2038,G G,A A,G G,C C
210,210,2046,T T,G A,G G,T T
211,211,2062,T G,A A,A G,T C
212,212,2069,T G,A A,G G,T C
213,213,2077,T T,G A,G G,T T
214,214,2086,T T,G G,G G,T T
215,215,2094,T G,A A,G G,T C
216,216,2102,G G,A A,G G,C C
217,217,2112,G G,A A,G G,C C
218,218,2129,G G,A A,G G,C C
219,219,2039,T G,A A,A G,T C
220,220,2047,T G,A A,G G,T C
221,221,2055,T G,A A,A G,T C
222,222,2063,T G,G A,G G,T C
223,223,2070,T G,G A,G G,T C
224,224,2078,T T,G A,G G,T T
225,225,2087,T G,A A,A G,T C
226,226,2095,T T,G A,G G,T T
227,227,2103,G G,A A,G G,C C
228,228,2130,T G,A A,G G,T C
229,229,2032,T T,G A,G G,T T
230,230,2040,G G,A A,G G,C C
231,231,2048,T G,G A,G G,T C
232,232,2056,T G,A A,G G,T C
233,233,2071,T G,G A,G G,T C
234,234,2088,G G,A A,G G,C C
235,235,2096,T T,G A,G G,T T
236,236,2114,T T,G A,G G,T T
237,237,2131,G G,A A,G G,C C
238,238,2033,T T,G G,G G,T T
239,239,2049,T G,G G,G G,T C
240,240,2057,G G,A A,G G,C C
241,241,2072,T G,G A,G G,T C
242,242,2080,G G,A A,G G,C C
243,243,2089,T T,G G,G G,T T
244,244,2097,G G,A A,G G,C C
245,245,2116,T G,A A,G G,T C
246,246,2133,G G,A A,G G,C C
247,247,2034,T T,G A,A G,T T
248,248,2042,G G,A A,G G,C C
249,249,2050,T G,A A,G G,T C
250,250,2058,T G,A A,G G,T C
251,251,2073,T T,G A,A G,T T
252,252,2082,T G,A A,G G,T C
253,253,2090,T G,A A,A G,T C
254,254,2098,G G,A A,G G,C C
255,255,2118,G G,A A,G G,C C
256,256,2135,T G,G A,G G,T C
257,257,2137,T T,A A,A G,T T
258,258,2149,G G,A A,G G,C C
259,259,2157,T G,G A,G G,T C
260,260,2168,T G,G A,G G,T C
261,261,2178,G G,A A,G G,C C
262,262,2185,G G,A A,G G,C C
263,263,2202,T G,A A,G G,T C
264,264,835,T G,A A,G G,T C
265,265,956,T G,A A,G G,T C
266,266,2126,NA,G A,G G,T C
267,267,2139,T G,G A,G G,T C
268,268,2158,T T,G A,G G,T T
269,269,2169,T G,A A,G G,T C
270,270,2186,G G,A A,G G,C C
271,271,2194,G G,A A,G G,C C
272,272,2203,T G,G A,G G,T C
273,273,2146,G G,A A,G G,C C
274,274,1083,G G,A A,G G,C C
275,275,1162,G G,A A,G G,C C
276,276,2141,T G,A A,G G,T C
277,277,2151,G G,A A,G G,C C
278,278,2160,G G,A A,G G,C C
279,279,2171,T G,A A,G G,T C
280,280,2180,G G,A A,G G,C C
281,281,2187,G G,A A,G G,C C
282,282,2195,G G,A A,G G,C C
283,283,2205,G G,A A,G G,C C
284,284,842,T G,A A,G G,T C
285,285,2108,G G,A A,G G,C C
286,286,2143,T G,A A,G G,T C
287,287,2152,T G,A A,G G,T C
288,288,2163,G G,A A,G G,C C
289,289,2172,G G,A A,G G,C C
290,290,2181,T G,A A,G G,T C
291,291,2188,T G,A A,G G,T C
292,292,2206,G G,A A,G G,C C
293,293,1014,T G,A A,A G,T C
294,294,1101,T T,G G,G G,T T
295,295,1185,G G,A A,G G,C C
296,296,2153,T G,G A,G G,T C
297,297,2164,G G,A A,G G,C C
298,298,2174,T T,A A,A A,T T
299,299,2182,T G,A A,G G,T C
300,300,2189,T G,G A,G G,T C
301,301,2207,T G,G A,G G,T C
302,302,805,G G,A A,G G,C C
303,303,963,T T,A A,G G,T T
304,304,2113,T G,G A,G G,T C
305,305,2128,T G,A A,A G,T C
306,306,2145,T G,G A,G G,T C
307,307,2154,T G,G A,G G,T C
308,308,2165,T G,G A,G G,T C
309,309,2175,T G,A A,G G,T C
310,310,2190,T G,G A,G G,T C
311,311,2199,T T,G G,G G,T T
312,312,2208,T T,G A,G G,T T
313,313,1030,T G,G A,G G,T C
314,314,1104,T G,G A,G G,T C
315,315,1190,T G,A A,G G,T C
316,316,964,G G,A A,G G,C C
317,317,2155,T T,G A,G G,T T
318,318,2166,G G,A A,G G,C C
319,319,2176,T G,A A,G G,T C
320,320,2183,G G,A A,G G,C C
321,321,2191,T T,G A,A G,T T
322,322,2200,T G,G A,G G,T C
323,323,2209,T G,A A,G G,T C
324,324,2132,T T,G A,G G,T T
325,325,2161,T G,A A,G G,T C
326,326,1042,G G,A A,G G,C C
327,327,2148,T G,A A,G G,T C
328,328,2156,G G,A A,G G,C C
329,329,2167,T G,A A,G G,T C
330,330,2177,T G,G A,G G,T C
331,331,2184,T G,A A,G G,T C
332,332,2192,T T,G A,G G,T T
333,333,2201,T G,G A,G G,T C
334,334,1105,T T,A A,A G,T T
335,335,1192,T G,G A,G G,T C
336,336,820,T G,A A,A G,T C
337,337,2121,T G,G A,G G,T C
338,338,2134,T G,A A,G G,T C
339,339,876,G G,A A,G G,C C
340,340,691,T G,G A,G G,T C
341,341,868,T G,A A,A G,T C
342,342,1099,G G,A A,G G,C C
343,343,1297,T G,A A,G G,T C
344,344,974,T G,A A,G G,T C
345,345,2106,NA,G G,G G,T T
346,346,1351,T G,G A,G G,T C
347,347,1421,NA,A A,G G,T C
348,348,1207,T G,A A,G G,T C
349,349,782,T T,G A,G G,T T
350,350,992,T T,G A,G G,T T
351,351,723,G G,A A,G G,C C
352,352,897,T G,G A,G G,T C
353,353,747,T G,G A,G G,T C
354,354,1363,T T,G G,G G,T T
355,355,2000,T T,A A,G G,T T
356,356,2122,G G,A A,G G,C C
357,357,879,T G,A A,A G,T C
358,358,1358,T T,A A,G G,T T
359,359,803,G G,A A,G G,C C
360,360,1049,T T,G A,G G,T T
361,361,875,T G,A A,A G,T C
362,362,1401,T T,G A,G G,T T
363,363,1485,T G,A A,G G,T C
364,364,2136,T T,G G,G G,T T
365,365,983,T G,A A,G G,T C
366,366,2010,G G,A A,G G,C C
367,367,958,T G,G A,G G,T C
368,368,2159,T G,G A,G G,T C
369,369,1308,G G,A A,G G,C C
370,370,2333,T T,G A,G G,T T
371,371,2170,T T,G A,G G,T T
372,372,1223,T T,A A,G G,T T
373,373,718,G G,A A,G G,C C
374,374,735,T T,G A,G G,T T
375,375,970,T G,G A,G G,T C
376,376,677,T G,A A,G G,T C
377,377,2140,G G,A A,G G,C C
378,378,888,T G,A A,G G,T C
379,379,1001,G G,A A,G G,C C
380,380,819,T G,A A,G G,T C
381,381,1107,G G,A A,G G,C C
382,382,1381,T T,G A,G G,T T
383,383,1000,T G,A A,A G,T C
384,384,724,G G,A A,G G,C C
385,385,935,T G,G A,G G,T C
386,386,1411,T T,G A,G G,T T
